First Name,Last Name,Email,Police Station Name,District,Comments,Rating
Priya,Mukherjee,priya.mukherjee23@example.com,Gandhinagar Police Station,Gandhinagar,Average service,5
Rahul,Mukherjee,rahul.mukherjee65@example.com,Gandhinagar Police Station,Gandhinagar,Average service,1
Neha,Gupta,neha.gupta19@example.com,Gandhinagar Police Station,Gandhinagar,Excellent service,10
Aarav,Mukherjee,aarav.mukherjee85@example.com,Gandhinagar Police Station,Gandhinagar,Terrible service,3
Kavita,Sharma,kavita.sharma98@example.com,Ahemdabad Police Station,Gandhinagar,Average service,8
Neha,Reddy,neha.reddy33@example.com,Ahemdabad Police Station,Gandhinagar,Average service,8
Neha,Singh,neha.singh60@example.com,Gandhinagar Police Station,Gandhinagar,Excellent service,1
Aarav,Patel,aarav.patel42@example.com,Gandhinagar Police Station,Gandhinagar,Poor service,3
Priya,Patel,priya.patel53@example.com,Gandhinagar Police Station,Gandhinagar,Average service,5
Aarav,Mukherjee,aarav.mukherjee62@example.com,Gandhinagar Police Station,Gandhinagar,Average service,6
Neha,Patel,neha.patel34@example.com,Gandhinagar Police Station,Gandhinagar,Average service,3
Priya,Patel,priya.patel62@example.com,Gandhinagar Police Station,Gandhinagar,Excellent service,2
Sanjay,Singh,sanjay.singh80@example.com,Gandhinagar Police Station,Gandhinagar,Average service,4
Sanjay,Reddy,sanjay.reddy80@example.com,Gandhinagar Police Station,Gandhinagar,Terrible service,8
Rahul,Sharma,rahul.sharma60@example.com,Gandhinagar Police Station,Gandhinagar,Excellent service,2
Rahul,Gupta,rahul.gupta9@example.com,Gandhinagar Police Station,Gandhinagar,Good service,5
Rahul,Reddy,rahul.reddy80@example.com,Gandhinagar Police Station,Gandhinagar,Excellent service,3
Neha,Mukherjee,neha.mukherjee29@example.com,Ahemdabad Police Station,Gandhinagar,Good service,2
Rahul,Mukherjee,rahul.mukherjee27@example.com,Gandhinagar Police Station,Gandhinagar,Poor service,5
Neha,Patel,neha.patel93@example.com,Gandhinagar Police Station,Gandhinagar,Good service,3
Sanjay,Mukherjee,sanjay.mukherjee47@example.com,Ahemdabad Police Station,Gandhinagar,Average service,9
Sanjay,Patel,sanjay.patel52@example.com,Gandhinagar Police Station,Gandhinagar,Excellent service,6
Priya,Reddy,priya.reddy59@example.com,Gandhinagar Police Station,Gandhinagar,Excellent service,2
Rahul,Gupta,rahul.gupta41@example.com,Gandhinagar Police Station,Gandhinagar,Excellent service,6
Aarav,Gupta,aarav.gupta84@example.com,Gandhinagar Police Station,Gandhinagar,Good service,7
Kavita,Sharma,kavita.sharma69@example.com,Ahemdabad Police Station,Gandhinagar,Good service,1
Priya,Patel,priya.patel59@example.com,Gandhinagar Police Station,Gandhinagar,Terrible service,10
Sanjay,Singh,sanjay.singh25@example.com,Gandhinagar Police Station,Gandhinagar,Good service,8
Kavita,Gupta,kavita.gupta50@example.com,Ahemdabad Police Station,Gandhinagar,Average service,4
Priya,Mukherjee,priya.mukherjee49@example.com,Gandhinagar Police Station,Gandhinagar,Poor service,8
Rahul,Reddy,rahul.reddy84@example.com,Ahemdabad Police Station,Gandhinagar,Good service,8
Aarav,Singh,aarav.singh65@example.com,Gandhinagar Police Station,Gandhinagar,Poor service,1
Aarav,Mukherjee,aarav.mukherjee31@example.com,Gandhinagar Police Station,Gandhinagar,Excellent service,4
Rahul,Sharma,rahul.sharma47@example.com,Gandhinagar Police Station,Gandhinagar,Average service,1
